airport,target_rate_1993,target_rate_2003,shift_absolute,shift_pct
ABE,0.8803526448362721,0.8592345235037246,-0.021118121332547424,-2.3988252271877903
ABI,,0.9186795491143317,,
ABQ,0.8967736299574864,0.905541770057899,0.008768140100412603,0.9777428558897606
ABY,,0.8326271186440678,,
ACK,0.8888888888888888,0.7807486631016043,-0.10814022578728455,-12.165775401069512
ACT,,0.944048066090875,,
ACV,,0.8521380731581659,,
ACY,0.8543956043956044,0.9126984126984127,0.05830280830280832,6.8238656663093975
ADK,,0.7538461538461538,,
ADQ,0.8851351351351351,0.8008982035928144,-0.0842369315423207,-9.51684417424692
AEX,,0.8773103887826641,,
AGS,0.8778714742657749,0.7874606632776567,-0.0904108109881182,-10.29886647857365
AKN,0.8660968660968661,0.8348623853211009,-0.031234480775765183,-3.606349589570256
ALB,0.8672580516263086,0.8256157042211116,-0.04164234740519701,-4.801609777748158
AMA,0.8964898284802553,0.8972920224444987,0.0008021939642434139,0.0894816582139372
ANC,0.86077610448041,0.8447282122627447,-0.016047892217665227,-1.8643515002489772
ANI,0.8571428571428571,,,
ATL,0.735251072419884,0.7915747303200499,0.05632365790016591,7.6604659296574065
ATW,,0.8872832369942196,,
AUS,0.9015159021103736,0.9030760445889918,0.0015601424786182427,0.17305767707103992
AVL,0.9023947750362845,0.8132151029748284,-0.08917967206145616,-9.882556341028275
AVP,0.8604744672295939,0.779874213836478,-0.08060025339311583,-9.366954681713976
AZO,0.9350237717908082,0.8574727812603101,-0.07755099053049808,-8.294012716058354
BDL,0.8703186787625029,0.8558660240375816,-0.014452654724921299,-1.6606164015083968
BET,0.9102564102564102,0.8036363636363636,-0.10662004662004665,-11.713188220230478
BFF,,0.0,,
BFL,0.8526011560693642,0.9298180467879688,0.0772168907186046,9.056625148690573
BGM,0.9017254313578394,0.88125,-0.02047543135783947,-2.2706946755407666
BGR,0.8931451612903226,0.8758782201405152,-0.017266941149807424,-1.933273772077761
BHM,0.871242200794101,0.8783183500793231,0.007076149285222155,0.8121908326723085
BIL,0.867120272163298,0.9241573033707865,0.05703703120748849,6.577753172024463
BIS,0.8814563928873835,0.9526170798898072,0.07116068700242362,8.07308082131242
BMI,,0.7455429497568882,,
BNA,0.8645961207954824,0.8829382499268364,0.018342129131354024,2.1214678958399813
BOI,0.8330213403219768,0.9171370967741935,0.0841157564522167,10.097671257702059
BOS,0.791717218087025,0.8305808630326234,0.03886364494559835,4.908778545893199
BPT,,0.9335443037974683,,
BQK,,0.8158085569253082,,
BQN,0.9112519809825673,0.8424657534246576,-0.06878622755790975,-7.548540798094096
BRO,0.8706467661691543,0.9351415094339622,0.06449474326480797,7.407681940700801
BRW,0.8525,0.8112391930835735,-0.04126080691642653,-4.839977350900472
BTM,0.9347826086956522,0.9153069153069153,-0.019475693388736892,-2.0834462694927836
BTR,0.8625621890547264,0.8310596665288686,-0.031502522525857724,-3.6522030440936715
BTV,0.8334333733493398,0.8118091913903432,-0.021624181958996513,-2.5945903596462507
BUF,0.8664072045979092,0.8499033611464668,-0.0165038434514424,-1.9048599046566872
BUR,0.922555389644457,0.8845265588914549,-0.03802883075300212,-4.122118973003673
BWI,0.8365206902589444,0.8456920867471871,0.009171396488242722,1.0963741357555332
BZN,0.8476426799007444,0.8851385390428211,0.03749585914207676,4.423545443283646
CAE,0.8559696778269109,0.7974502692603583,-0.05851940856655258,-6.836621679767729
CAK,0.8921639108554996,0.7843728263389752,-0.10779108451652442,-12.081982156525823
CDC,,0.9369024856596558,,
CDV,0.8726207906295754,0.8156748911465893,-0.05694589948298612,-6.525847205852268
CEC,,0.8793103448275862,,
CHA,0.8820526598602901,0.8219923788786064,-0.0600602809816837,-6.809149126220736
CHO,,0.8657243816254417,,
CHS,0.8696666666666667,0.8357336672928407,-0.03393299937382599,-3.9018397133567637
CIC,,0.918918918918919,,
CID,0.8767416934619507,0.8113532110091743,-0.0653884824527764,-7.458123976581953
CLD,,0.9288103201146679,,
CLE,0.8607326007326007,0.8486183329170546,-0.012114267815546143,-1.4074368514954878
CLL,,0.92739898989899,,
CLT,0.8583675440714803,0.8237847650430647,-0.034582779028415556,-4.028901053781652
CMH,0.8508612638788005,0.8485536348291718,-0.0023076290496286678,-0.27121096559372504
CMI,,0.7960741548527808,,
COD,0.7432432432432432,0.9118727050183598,0.16862946177511662,22.68832758428842
COS,0.8809545169103795,0.9075924502519429,0.02663793334156339,3.0237580749328625
CPR,0.8730769230769231,0.8932882665379044,0.0202113434609813,2.314955638702704
CRP,0.9260984319205092,0.8669449517349335,-0.05915348018557576,-6.387385848705675
CRW,0.9073375262054507,0.8227920227920228,-0.08454550341342792,-9.317977155315415
CSG,0.8906560636182903,0.850431447746884,-0.040224615871406355,-4.516290576633347
CVG,0.7950495335470641,0.8257858343818548,0.03073630083479073,3.865960488985212
DAB,0.8600944510035419,0.7347288949897048,-0.12536555601383703,-14.57578942261084
DAL,0.9048959192585764,0.8737947971620884,-0.031101122096487965,-3.436983351850075
DAY,0.8786867000556483,0.8029552715654952,-0.07573142849015313,-8.618706586244786
DBQ,,0.8310679611650486,,
DCA,0.8423557961545641,0.8610409762768924,0.018685180122328227,2.218205205879497
DEN,0.7815830935963105,0.867902032607915,0.08631893901160448,11.044115426604712
DET,0.8850276063657031,,,
DFW,0.7872060162836784,0.8465158828185881,0.05930986653490977,7.5342242447416465
DHN,,0.8541430192962542,,
DLG,0.8547297297297297,0.7615384615384615,-0.09319126819126822,-10.90301003344482
DLH,0.9176533907427341,0.9038297872340425,-0.013823603508691606,-1.5064079366069798
DRO,,0.8915343915343915,,
DSM,0.8686567164179104,0.8459328028293546,-0.022723913588555855,-2.615983179438561
DTW,0.855521114608465,0.808456749122282,-0.04706436548618298,-5.50125118860711
DUT,0.7703349282296651,0.6771037181996086,-0.09323121003005652,-12.102685028746468
EFD,,0.9190071848465056,,
EGE,0.7126654064272212,0.8456439393939394,0.13297853296671824,18.659321999839243
EKO,,0.9077289751447055,,
ELM,0.9151014274981217,,,
ELP,0.9120372079288325,0.9134188206785138,0.0013816127496812936,0.15148644569214798
ERI,0.8340486409155937,0.9655172413793104,0.13146860046371667,15.762701839474778
EUG,0.8488779803646563,0.8743523316062176,0.025474351241561277,3.0009438141649225
EVV,0.9138755980861244,0.8280254777070064,-0.08585012037911799,-9.394070763997728
EWR,0.738091955924384,0.7890287444949221,0.05093678857053807,6.901143978292651
EYW,,0.6201550387596899,,
FAI,0.907148308318494,0.8905529953917051,-0.016595312926788952,-1.82939358146964
FAR,0.8978494623655914,0.8964338055691256,-0.001415656796465825,-0.15767195457643324
FAT,0.8768020969855832,0.894665968429715,0.017863871444131818,2.0373892244951537
FAY,0.9561374795417349,0.7996495327102804,-0.1564879468314545,-16.366678451560887
FCA,0.8076448828606658,0.9367502726281353,0.12910538976746944,15.98541543533095
FLL,0.8252785852713178,0.8375071527146656,0.012228567443347771,1.4817502430803435
FLO,,0.8354554358472086,,
FMN,,0.0,,
FNT,0.914651493598862,0.8479824835783547,-0.06666901002050729,-7.289006849831512
FSD,0.8654861229354673,0.8567398119122257,-0.008746311023241637,-1.0105662923371659
FSM,,0.918918918918919,,
FWA,0.899510603588907,0.8195618423322408,-0.07994876125666617,-8.88802877227718
GEG,0.8233103448275862,0.9189511323003575,0.09564078747277127,11.616614326982605
GFK,0.9220014716703459,0.9091940976163451,-0.012807374054000786,-1.3890839057771003
GGG,,0.9563145353455124,,
GJT,0.8432432432432433,0.9058105598301937,0.06256731658695036,7.4198420311447535
GNV,0.885514977431268,0.8215502555366269,-0.06396472189464109,-7.223448899779441
GPT,,0.8144458281444583,,
GRB,0.9274879763226045,0.8834208223972003,-0.04406715392540417,-4.751237218203729
GRR,0.8925078043704474,0.8392583635630794,-0.05324944080736804,-5.966271728562515
GSO,0.8327404245227084,0.8189661475469767,-0.013774276975731636,-1.6540901066051248
GSP,0.8791880995412207,0.8347712418300653,-0.04441685771115533,-5.052031270024356
GST,0.9418604651162791,0.9101123595505618,-0.03174810556571728,-3.3707865168539333
GTF,0.9261838440111421,0.9075565784426544,-0.018627265568487705,-2.0111844628833344
GTR,,0.809373354397051,,
GUC,0.7407407407407407,0.9111111111111111,0.1703703703703704,23.000000000000004
GUM,0.9362119725220804,,,
HDN,0.6961770623742455,0.8159609120521173,0.11978384967787181,17.205946037544013
HLN,0.8767006802721088,0.9465408805031447,0.06984020023103588,7.966253682996916
HNL,0.8859074733096085,0.9219524760126215,0.03604500270301303,4.068709632661148
HOU,0.8961891081910234,0.855691020415492,-0.04049808777553132,-4.518922112016912
HPN,0.8530363601751381,0.8081695966907962,-0.04486676348434182,-5.259654286615657
HRL,0.9173693086003373,0.9067050152795254,-0.010664293320811868,-1.1624863858899703
HSV,0.8939979392065945,0.852110537503796,-0.04188740170279859,-4.685402489850572
HTS,0.879129734085415,0.849566055930569,-0.02956367815484595,-3.3628345178885266
HVN,0.8212512413108243,,,
IAD,0.8109180838396483,0.8265018804931518,0.015583796653503512,1.921747333554972
IAH,0.8674603656684687,0.8634137810423225,-0.004046584626146266,-0.46648639941352826
ICT,0.8733506693633825,0.8415730337078652,-0.03177763565551728,-3.638588343749844
IDA,0.9040524433849821,0.9346749226006192,0.0306224792156371,3.3872458881897862
ILE,,0.9153402537485582,,
ILM,0.9524524524524525,0.8938080495356037,-0.0586444029168488,-6.157200054012817
IND,0.8717519312841013,0.8551700412816985,-0.016581890002402844,-1.9021340139708682
IPL,,0.953232462173315,,
ISP,0.8954851583936144,0.8776964743894327,-0.017788684004181765,-1.986485631553334
ITH,0.926829268292683,,,
ITO,,0.957983193277311,,
IYK,,0.9770773638968482,,
JAC,0.8092513113972342,0.8670305135202183,0.05777920212298415,7.139834228161329
JAN,0.8261713335181592,0.8852887905011069,0.05911745698294768,7.155592863674237
JAX,0.8579047832921626,0.8639700140559113,0.0060652307637487635,0.7069818098546756
JFK,0.774848863107913,0.8249338340238613,0.050084970915948324,6.463837439866387
JNU,0.8356120826709063,0.826025459688826,-0.00958662298208024,-1.1472575829011549
KOA,0.9117647058823529,0.9555837563451777,0.04381905046282475,4.805960373342069
KSM,0.8095238095238095,,,
KTN,0.6627218934911243,0.8547770700636943,0.19205517657256999,28.979754322111006
LAN,0.942375539004312,0.8858183376178235,-0.056557201386488565,-6.001556603033791
LAS,0.8767283700400846,0.8516083787287397,-0.025119991311344902,-2.8651965842278377
LAW,,0.940893801057184,,
LAX,0.8654843888911004,0.8953160539900029,0.02983166509890256,3.4468172368913903
LBB,0.914410480349345,0.904869297796002,-0.00954118255334302,-1.0434244530637782
LCH,,0.893491124260355,,
LEX,0.8693908726370059,0.7781647486371895,-0.09122612399981633,-10.49310809108364
LFT,0.9194139194139194,0.8513513513513513,-0.06806256806256805,-7.402821147841067
LGA,0.8400546480783422,0.8170790638960936,-0.022975584182248543,-2.735010660890466
LGB,0.9338806301309075,0.877845001440507,-0.05603562869040046,-6.000298847888688
LIH,0.9555555555555556,0.9563283461382935,0.0007727905827379367,0.08087343307722593
LIT,0.8911042944785276,0.8825712308950249,-0.008533063583502698,-0.9575830389748294
LNK,0.8058384249830278,0.8264218009478673,0.0205833759648395,2.554280774743773
LNY,,0.9824561403508771,,
LRD,,0.893351182507809,,
LSE,0.9287804878048781,0.857685009487666,-0.07109547831721208,-7.654712738985543
LWB,,0.8177083333333334,,
LYH,,0.8961538461538462,,
MAF,0.9393379263989245,0.9127971425052346,-0.026540783893689968,-2.825477727215546
MBS,0.8965620328849029,0.8595980962453729,-0.036963936639530015,-4.122853219714168
MCI,0.8395446864612928,0.894001671413709,0.05445698495241624,6.48649033584551
MCN,,0.8197709463532248,,
MCO,0.8521772774359423,0.8691448356960868,0.01696755826014451,1.9910831595037397
MDT,0.8702463525472375,0.8552114060963618,-0.015034946450875664,-1.727665552043731
MDW,0.8848102038325399,0.8245720833631741,-0.06023812046936583,-6.808027327040925
MEI,,0.7704253882511817,,
MEM,0.8911820268540901,0.8502314956454343,-0.04095053120865577,-4.595080463327213
MFE,0.8937849391647484,0.9212101063829787,0.027425167218230295,3.0684302248211304
MFR,0.8426888426888427,0.8723199229101422,0.029631080221299455,3.5162540098137427
MGM,0.8392568659127625,0.7847672778561354,-0.05448958805662707,-6.492599616371926
MHT,0.8711513583441138,0.8567388752534415,-0.014412483090672334,-1.6544177946376173
MIA,0.8143667716382503,0.8228550602190083,0.008488288580758008,1.042317648064426
MKE,0.8851876641095608,0.8568410709899288,-0.028346593119632058,-3.2023258195929354
MKK,,0.9824561403508771,,
MLB,0.8966480446927374,0.8431542461005199,-0.05349379859221748,-5.965975045487183
MLI,0.8362204724409449,0.770977675134719,-0.06524279730622584,-7.802104762608929
MLU,0.8255528255528255,0.885589519650655,0.060036694097829524,7.272301933873994
MOB,0.8489965397923875,0.8370600414078675,-0.011936498384520045,-1.4059537141858056
MOD,,0.8636363636363636,,
MOT,0.9167192429022082,0.9173553719008265,0.0006361289986183127,0.06939191072333281
MQT,,0.8615916955017301,,
MRY,0.8794117647058823,0.8978694158075602,0.018457651101677852,2.0988633359767457
MSN,0.915707389528407,0.8589551220842996,-0.05675226744410744,-6.197642182764855
MSO,0.8825214899713467,0.9184562713974479,0.03593478142610118,4.071830752503024
MSP,0.8496746424456043,0.8286254206211494,-0.0210492218244549,-2.4773272936413964
MSY,0.8855673339289595,0.8744153550565723,-0.01115197887238717,-1.2593033239956641
MTJ,0.5,0.882132834424696,0.38213283442469603,76.4265668849392
MYR,0.9306409130816505,0.8524289642529789,-0.07821194882867166,-8.404095256212928
OAJ,0.9579055441478439,,,
OAK,0.9157715216616606,0.8954891516957059,-0.020282369965954783,-2.214784963956138
OGG,0.9123204837490552,0.9252789907811741,0.012958507032118982,1.420389793164326
OKC,0.8761706555671176,0.8788945154922324,0.0027238599251148132,0.31088235012296145
OMA,0.8525012569130216,0.8783722909054508,0.025871033992429182,3.0347209206600305
OME,0.8639744952178533,0.7783300198807157,-0.0856444753371376,-9.91284763742269
ONT,0.9191318772463367,0.8970524926097064,-0.022079384636630284,-2.4021998565405847
ORD,0.7977787497042396,0.7880457377517457,-0.009733011952493875,-1.2200139394665743
ORF,0.8476092377751274,0.8487232574189096,0.0011140196437822159,0.13143080491977457
ORH,0.8170940170940171,,,
OTZ,0.8592592592592593,0.7913741223671013,-0.06788513689215803,-7.900425414173563
OXR,,0.9458505002942907,,
PBI,0.8590971827555411,0.8730582524271845,0.013961069671643345,1.6250861895348585
PDX,0.8533800841514726,0.9024145053097183,0.049034421158245745,5.745906433591233
PFN,0.7832110839445803,0.8024142312579415,0.019203147313361257,2.45184825738754
PHF,0.7944700460829494,0.7934294493027653,-0.0010405967801840887,-0.13097998915310166
PHL,0.8172373333333334,0.7568699268415983,-0.06036740649173511,-7.386765634593513
PHX,0.8806065383027437,0.8382697316542809,-0.042336806648462844,-4.807687066469165
PIA,0.8871650211565585,0.8047619047619048,-0.0824031163946537,-9.288363994246339
PIE,,0.8666117743927543,,
PIH,,0.9294980259447264,,
PIT,0.8214419250039467,0.8181690008459441,-0.0032729241580026214,-0.39843646378128267
PNS,0.8778035576179428,0.8562659080700704,-0.021537649547872406,-2.4535842172157727
PSC,0.8734655335221907,0.9288702928870293,0.055404759364838574,6.343096234309627
PSE,0.8805309734513275,,,
PSG,0.7971246006389776,0.7770897832817337,-0.020034817357243884,-2.513385904936808
PSP,0.8455810942052444,0.885001646361541,0.039420552156296584,4.661948147427265
PVD,0.8765394324179607,0.8709275022013502,-0.00561193021661055,-0.6402370514159151
PWM,0.8484848484848485,0.8128900365827415,-0.035594811902107004,-4.195102831319754
RAP,0.948041876696394,0.9092265605570754,-0.038815316139318545,-4.094261771914214
RDD,,0.8638647784376428,,
RDM,,0.9035573122529644,,
RDU,0.8533240053758492,0.8333703038980419,-0.019953701477807284,-2.3383499529019596
RIC,0.8808757244043787,0.8466556836902801,-0.034220040714098565,-3.884775089838821
RNO,0.8710116519655886,0.8938584291047508,0.022846777139162167,2.6230162464077784
ROA,0.933570159857904,0.8433281699491038,-0.09024198990880028,-9.666331871890137
ROC,0.8711011920962386,0.8183569104071197,-0.05274428168911893,-6.054897199967531
ROR,0.9770992366412213,,,
RST,0.8952205882352942,0.8913633894622488,-0.003857198773045356,-0.4308657356338139
RSW,0.8641707058889074,0.8689680970448351,0.004797391155927699,0.5551439227499599
SAN,0.8831553081590693,0.8848280777643965,0.0016727696053272512,0.18940831696002905
SAT,0.892393742369609,0.897820519521246,0.0054267771516369745,0.6081146576876519
SAV,0.8810988696523108,0.8640101934437623,-0.01708867620854848,-1.9394731734580277
SBA,0.860381861575179,0.9080684142033836,0.04768655262820454,5.542486976759418
SBN,0.9352904040404041,0.8325900514579759,-0.10270035258242816,-10.980584440807707
SBP,,0.9161220043572985,,
SCC,0.9,0.88,-0.020000000000000018,-2.222222222222224
SCE,,0.9189964157706093,,
SDF,0.8596351650849576,0.8594456457637114,-0.00018951932124622317,-0.02204648308302895
SEA,0.8463927411160248,0.8653771384136858,0.018984397297660993,2.2429773290149924
SFO,0.8550161255643948,0.8821008570859079,0.02708473152151314,3.167745111664947
SGF,0.8428985507246377,0.8311078140454995,-0.011790736679138214,-1.398832240131597
SGU,,0.9112057667103539,,
SHV,0.8297491039426523,0.9025460930640913,0.07279698912143895,8.773373634937998
SIT,0.8084252758274825,0.8782816229116945,0.06985634708421207,8.641039459424245
SJC,0.919673326527636,0.9008182775662319,-0.01885504896140411,-2.050189824749421
SJT,,0.9392764857881137,,
SJU,0.8676042677012609,0.8701309639112309,0.0025266962099700363,0.2912268074319852
SLC,0.8136239293241849,0.8899052148033126,0.07628128547912771,9.37549680261847
SMF,0.8969808241534067,0.8879840596032227,-0.008996764550184055,-1.0030052268592733
SMX,,0.9590163934426229,,
SNA,0.8686587908269632,0.8716310815540778,0.0029722907271145793,0.34217010850543034
SPI,0.9209726443768997,,,
SPN,0.9497076023391813,,,
SPS,,0.955044955044955,,
SRQ,0.8803383536207964,0.8880019351717465,0.007663581550950149,0.8705268286256239
STL,0.8398452463035317,0.8774562740328815,0.037611027729349766,4.4783283461911285
STT,0.8603369065849923,0.8340439488356838,-0.02629295774930851,-3.0561234265394193
STX,0.8856447688564477,0.8543689320388349,-0.03127583681761281,-3.531420036274414
SUN,,0.9466756665541681,,
SUX,0.9118165784832452,,,
SWF,0.8847225741069167,0.8038755137991779,-0.0808470603077388,-9.13812563100358
SYR,0.881203007518797,0.8042481293748491,-0.07695487814394786,-8.732934123843911
TLH,0.9230273752012882,0.828009828009828,-0.09501754719146016,-10.294120168509554
TOL,0.8752086811352254,0.8203917866414916,-0.054816894493733836,-6.263294192035588
TPA,0.8755126702797715,0.8695083363758063,-0.006004333903965264,-0.6858077681556075
TRI,0.9018892940006629,0.8086006344730349,-0.09328865952762799,-10.343692972982495
TUL,0.8793990703851262,0.882248160127502,0.0028490897423757433,0.3239814366790274
TUS,0.8909574468085106,0.905644714997233,0.014687268188722347,1.648481444465553
TVC,0.9398496240601504,0.8116213683223993,-0.1282282557377511,-13.643486410496717
TWF,,0.8903896103896104,,
TXK,,0.9425754060324826,,
TYR,,0.9474219810040706,,
TYS,0.9043741275011633,0.8330422972448583,-0.07133183025630496,-7.887424914885484
VCT,,0.8788927335640139,,
VIS,,0.969437652811736,,
VLD,,0.8611500701262272,,
VPS,0.9860074626865671,0.8510517339397385,-0.1349557287468286,-13.687089992109769
WRG,0.7455089820359282,0.8078668683812406,0.06235788634531236,8.364471501740695
WYS,,0.9781931464174455,,
XNA,,0.8239951889345495,,
YAK,0.8653846153846154,0.8395245170876672,-0.025860098296948242,-2.98827802542513
YUM,,0.9475262368815592,,
