airport,freq_1993,freq_2003,shift_absolute,shift_pct
ABE,0.0012765455455654613,0.0006148980332266067,-0.0006616475123388546,-51.83109326865183
ABI,0.0,0.00039234695980860294,0.00039234695980860294,0.0
ABQ,0.006901625806959866,0.0057288342319879336,-0.0011727915749719323,-16.992975391236715
ABY,0.0,0.0002236567210503147,0.0002236567210503147,0.0
ACK,3.6174149590960803e-06,2.9536586748876306e-05,2.5919171789780227e-05,716.5108809152741
ACT,0.0,0.00042061994926340964,0.00042061994926340964,0.0
ACV,0.0,0.000613160586947261,0.000613160586947261,0.0
ACY,0.0001463043383456637,1.99016573815958e-05,-0.00012640268096406792,-86.39708322621613
ADK,0.0,1.0266728014315293e-05,1.0266728014315293e-05,0.0
ADQ,5.9486379327357766e-05,0.00010551037405480948,4.602399472745171e-05,77.36896285816691
AEX,0.0,0.0004956460385987906,0.0004956460385987906,0.0
AGS,0.000691127224685079,0.0006524900527251766,-3.8637171959902375e-05,-5.590457238536349
AKN,7.053959170237356e-05,5.1649539395093864e-05,-1.88900523072797e-05,-26.779361563336174
ALB,0.0025147062990649584,0.0026230700328266784,0.00010836373376172,4.309200394575415
AMA,0.0010076510336059859,0.0012948713270977965,0.00028722029349181064,28.5039447102994
ANC,0.003216082866134143,0.0031788948925555323,-3.718797357861068e-05,-1.1563126675063593
ANI,1.6881269809115042e-05,0.0,-1.6881269809115042e-05,-100.0
ATL,0.04380388064218762,0.05669508339031367,0.012891202748126052,29.429362328483982
ATW,0.0,0.00016395174890552732,0.00016395174890552732,0.0
AUS,0.00608509486369279,0.006362054425978549,0.000276959562285759,4.551441982248471
AVL,0.0005538664237371554,0.0005521920175084041,-1.6744062287512781e-06,-0.30231228270769667
AVP,0.0004998061668484417,0.000125569981098164,-0.00037423618575027775,-74.87626415457153
AZO,0.0005072419642643615,0.00047874542479061006,-2.8496539473751403e-05,-5.617938081104768
BDL,0.005183755636384683,0.0051779058117736,-5.849824611083021e-06,-0.11284915843685249
BET,0.00014107918340474713,0.00017374462793456652,3.2665444529819394e-05,23.15397902191164
BFF,0.0,1.5794966175869683e-07,1.5794966175869683e-07,0.0
BFL,0.00013906950842747153,0.00042535843911617054,0.000286288930688699,205.86031684868314
BGM,0.0002678896744708375,0.00017690362116974044,-9.098605330109708e-05,-33.964001591633505
BGR,0.0004983993943643489,0.0006070005501386719,0.00010860115577432307,21.789985502055305
BHM,0.0031887512864431948,0.002986828103856957,-0.00020192318258623792,-6.332359110122621
BIL,0.0010042345861446173,0.0006747609550331529,-0.00032947363111146446,-32.80843297544203
BIS,0.00047468522963249675,0.00028667863609203474,-0.000188006593540462,-39.60658175229456
BMI,0.0,0.0002923648239153478,0.0002923648239153478,0.0
BNA,0.011459568655420927,0.008635423907671472,-0.002824144747749455,-24.644424521279852
BOI,0.0010735683728606256,0.0023502909669694087,0.001276722594108783,118.92326808276157
BOS,0.018386717334592195,0.017492767090113916,-0.0008939502444782789,-4.86193499476075
BPT,0.0,0.000249560465578741,0.000249560465578741,0.0
BQK,0.0,0.00021781258356524293,0.00021781258356524293,0.0
BQN,0.00012681049106609037,4.612130123353948e-05,-8.068918983255088e-05,-63.62974321304201
BRO,4.0394467043239566e-05,0.0002678826263427498,0.00022748815929951024,563.1666313507725
BRW,8.038699909102401e-05,0.0001096170652605356,2.923006616951159e-05,36.36168348119791
BTM,0.00013866757343201642,0.00020328121468344282,6.46136412514264e-05,46.59607120269115
BTR,0.001292622945383666,0.0011462406953828628,-0.00014638225000080328,-11.324435367914289
BTV,0.00066962370242823,0.0010860618742527994,0.0004164381718245694,62.18987922835708
BUF,0.004440778797285894,0.003350586174887236,-0.001090192622398658,-24.549581777524242
BUR,0.00497977362619121,0.004103532212490943,-0.0008762414137002666,-17.596008964979028
BWI,0.010329930350694313,0.01528747391263899,0.004957543561944677,47.99203279827982
BZN,0.0008098990158420669,0.0006270601571820264,-0.00018283885866004048,-22.575513129860955
CAE,0.00127252619561091,0.0014371839723423825,0.00016465777673147245,12.939441034644014
CAK,0.000279545789339036,0.0006812368911652594,0.0004016911018262234,143.69420579576263
CDC,0.0,0.00016521534619959687,0.00016521534619959687,0.0
CDV,0.0001372608009479235,0.00010882731695174211,-2.843348399618138e-05,-20.714933761000704
CEC,0.0,0.00018322160764008832,0.00018322160764008832,0.0
CHA,0.0007480010265419783,0.0005803070573014522,-0.00016769396924052617,-22.41894907762069
CHO,0.0,0.00040229778849940084,0.00040229778849940084,0.0
CHS,0.0018087074795480403,0.001513473658971833,-0.00029523382057620724,-16.322916995399403
CIC,0.0,0.00016947998706708168,0.00016947998706708168,0.0
CID,0.0009375133768990675,0.0008263926303215018,-0.00011112074657756564,-11.852710512260657
CLD,0.0,0.00033058864206095246,0.00033058864206095246,0.0
CLE,0.010972825375924778,0.013912522107029535,0.002939696731104757,26.790700028405425
CLL,0.0,0.0005003845284515516,0.0005003845284515516,0.0
CLT,0.02330177942651513,0.016009619766199752,-0.007292159660315378,-31.294432613234758
CMH,0.007746895102401984,0.0054274662773523405,-0.0023194288250496433,-29.94010883573842
CMI,0.0,0.00028967967966545,0.00028967967966545,0.0
COD,1.4871594831839441e-05,0.0001290448736568553,0.00011417327882501587,767.7272015276789
COS,0.0022401846971691116,0.0018494325895325812,-0.0003907521076365304,-17.442852284917315
CPR,0.00020900619763666243,0.0003271137495022611,0.00011810755186559868,56.5091146583689
CRP,0.001294431652863214,0.0012108421070421698,-8.35895458210442e-05,-6.45762529339796
CRW,0.00047930748208023066,0.0008316049691595388,0.0003522974870793081,73.50135356750752
CSG,0.00020217330271392537,0.00032948299442864156,0.0001273096917147162,62.97057524694991
CVG,0.01391619534764262,0.014185301172886803,0.0002691058252441824,1.9337600437591478
DAB,0.00102131682345146,0.00046026531436484255,-0.0005610515090866174,-54.93412976304335
DAL,0.008283478321334569,0.006945994325500452,-0.001337483995834117,-16.14640545855418
DAY,0.002889108747331403,0.0019775297652188844,-0.0009115789821125186,-31.552255793573753
DBQ,0.0,0.00016268815161145773,0.00016268815161145773,0.0
DCA,0.017225326165224625,0.012011124078778341,-0.0052142020864462835,-30.270556484282913
DEN,0.03150547365125186,0.02199133140666336,-0.009514142244588498,-30.19837870049117
DET,0.0006187789255031574,0.0,-0.0006187789255031574,-100.0
DFW,0.051415323651121225,0.051279779236916755,-0.00013554441420447066,-0.26362649221894924
DHN,0.0,0.00027830730401882383,0.00027830730401882383,0.0
DLG,5.9486379327357766e-05,4.106691205726117e-05,-1.8419467270096593e-05,-30.96417613304881
DLH,0.0003733976107778065,0.00018559085256646877,-0.00018780675821133773,-50.29672199030052
DRO,0.0,0.0002388198885791496,0.0002388198885791496,0.0
DSM,0.0019523992404232456,0.0014291285395926889,-0.0005232707008305567,-26.80141899241473
DTW,0.0251559055605496,0.02163957750992674,-0.003516328050622859,-13.978141403652316
DUT,4.200220702506005e-05,8.071227715869408e-05,3.871007013363403e-05,92.16199070334135
EFD,0.0,0.00024182093215256484,0.00024182093215256484,0.0
EGE,0.00010631180629787925,0.00016679484281718386,6.048303651930461e-05,56.89211633732833
EKO,0.0,0.0004638981565852926,0.0004638981565852926,0.0
ELM,0.0002674877394753824,0.0,-0.0002674877394753824,-100.0
ELP,0.005444410480937328,0.0031286669001162667,-0.0023157435808210617,-42.53433110764226
ERI,0.00028095256182312893,9.161080382004415e-06,-0.0002717914814411245,-96.73927857338005
EUG,0.0005731593035190012,0.0006096856943885698,3.652639086956853e-05,6.372816535526692
EVV,0.00025201324215036024,0.0006447505192990004,0.0003927372771486402,155.83993674202202
EWR,0.021867876330228988,0.02273811740745848,0.0008702410772294909,3.97954087579376
EYW,0.0,0.00012225303820123133,0.00012225303820123133,0.0
FAI,0.0007900032335670384,0.0008226018384392931,3.2598604872254716e-05,4.126388790216065
FAR,0.0006354592278145448,0.0006466459152401048,1.1186687425559995e-05,1.7604099422763857
FAT,0.0007666910038306414,0.0021113131287285006,0.0013446221248978592,175.37992726922357
FAY,0.0006139557055576958,0.00027040982093088896,-0.00034354588462680687,-55.95613519296834
FCA,0.00016298464065705117,0.00028967967966545,0.00012669503900839883,77.73434263354167
FLL,0.006636750644954942,0.009385053002378248,0.0027483023574233056,41.41036034723532
FLO,0.0,0.00016126660465562946,0.00016126660465562946,0.0
FMN,0.0,1.5794966175869683e-07,1.5794966175869683e-07,0.0
FNT,0.00014128015090247468,0.0005049650686425538,0.0003636849177400791,257.4210994374786
FSD,0.00118028211415396,0.0005038594210102429,-0.0006764226931437172,-57.310255322184965
FSM,0.0,0.00033895997413416337,0.00033895997413416337,0.0
FWA,0.0006159653805349715,0.0009156341892151655,0.000299668808680194,48.65026804265021
GEG,0.00145701435852481,0.002252836025664293,0.0007958216671394829,54.62002913583035
GFK,0.00027311482941175404,0.00013915365200941192,-0.00013396117740234212,-49.04939716780419
GGG,0.0,0.0001988586241541993,0.0001988586241541993,0.0
GJT,0.0001115369612387958,0.0005953122751685283,0.00048377531392973256,433.73542595802894
GNV,0.0004897577919620638,0.0003708658058094202,-0.00011889198615264363,-24.275670158577668
GPT,0.0,0.0008878350487456348,0.0008878350487456348,0.0
GRB,0.0005432151463575948,0.0007221458535607619,0.00017893070720316712,32.93919700195146
GRR,0.0019312976531618519,0.0019593655541166343,2.806790095478246e-05,1.4533182344435975
GSO,0.0033895178166730273,0.0021602775238736965,-0.0012292402927993307,-36.26593395534615
GSP,0.0014455592111543391,0.001812472368681046,0.0003669131575267069,25.382091213940072
GST,1.728320480457016e-05,1.4057519896524018e-05,-3.225684908046143e-06,-18.663696603266438
GTF,0.0005771786534735524,0.00041177476820492264,-0.00016540388526862978,-28.657311609360992
GTR,0.0,0.00029994640767976526,0.00029994640767976526,0.0
GUC,5.968734682508533e-05,3.5538673895706786e-05,-2.414867292937854e-05,-40.45861344808405
GUM,0.00020478588018438366,0.0,-0.00020478588018438366,-100.0
HDN,9.988084637059733e-05,9.698109231983985e-05,-2.8997540507574767e-06,-2.903213334815211
HLN,0.00023633777732761057,0.00020091196975706237,-3.54258075705482e-05,-14.989481567917545
HNL,0.0028235933430722183,0.002452800297450803,-0.0003707930456214154,-13.131956360896254
HOU,0.011332758164354837,0.008796690512327102,-0.002536067652027735,-22.378203216269824
HPN,0.0010556822655628728,0.0012218985833652787,0.00016621631780240598,15.744919018203088
HRL,0.001310910987676874,0.0008786739683636304,-0.00043223701931324363,-32.97226305801516
HSV,0.001560311652356776,0.0010402564723427773,-0.0005200551800139987,-33.33021189891649
HTS,0.000249400664679902,0.0001637937992437686,-8.560686543613338e-05,-34.325034997804494
HVN,0.00020237427021165295,0.0,-0.00020237427021165295,-100.0
IAD,0.006582288453070773,0.01570683026460833,0.009124541811537556,138.62263674088558
IAH,0.019851167490532923,0.02890099730995931,0.009049829819426387,45.58840090257802
ICT,0.0020866455289052558,0.001546327188617642,-0.0005403183402876138,-25.894112478753783
IDA,0.0003372234611868457,0.0005101774074805907,0.00017295394629374502,51.28763748673948
ILE,0.0,0.0006847117837239507,0.0006847117837239507,0.0
ILM,0.0004015330604596649,0.0005101774074805907,0.0001086443470209258,27.057385236611026
IND,0.007440218700869727,0.006427919434931926,-0.0010122992659378008,-13.605772983789679
IPL,0.0,0.00011482940409857259,0.00011482940409857259,0.0
ISP,0.0008056786983897882,0.0016621042906867667,0.0008564255922969786,106.2986515603071
ITH,0.000205991685170749,0.0,-0.000205991685170749,-100.0
ITO,0.0,5.6388029247854765e-05,5.6388029247854765e-05,0.0
IYK,0.0,0.0001653732958613556,0.0001653732958613556,0.0
JAC,0.00042142884273469334,0.000636695086549307,0.0002152662438146136,51.080092766724206
JAN,0.001449779528606618,0.001569703738557929,0.0001199242099513111,8.271892904059017
JAX,0.003579633069523299,0.004045406736963743,0.0004657736674404441,13.011771273597923
JFK,0.00821092905465492,0.011398753240139874,0.0031878241854849543,38.824159413211845
JNU,0.0006320427803531763,0.000670022465180392,3.797968482721571e-05,6.009037047459544
KOA,0.00014349079337747786,0.0003733930003975593,0.00022990220702008142,160.2208766211802
KSM,1.6881269809115042e-05,0.0,-1.6881269809115042e-05,-100.0
KTN,3.3963507115957645e-05,0.000371971453441731,0.00033800794632577336,995.2091966584965
LAN,0.0005126680867030056,0.0007373090210895968,0.00022464093438659112,43.818006272102544
LAS,0.01784832540818006,0.022297279901489955,0.004448954493309894,24.92645327539185
LAW,0.0,0.0003286932461198481,0.0003286932461198481,0.0
LAX,0.03029102706248421,0.03479046634795584,0.004499439285471626,14.854033427754699
LBB,0.0016107544942863935,0.0015407989504560874,-6.995554383030611e-05,-4.343029560274376
LCH,0.0,0.00024024143553497788,0.00024024143553497788,0.0
LEX,0.0010524667855992319,0.0010430995662544338,-9.36721934479811e-06,-0.8900251744728263
LFT,5.486412687962389e-05,0.0006077902984474654,0.0005529261715678416,1007.8100263602191
LGA,0.020152618737124265,0.0160159377526701,-0.004136680984454164,-20.526766463525423
LGB,0.000905760512258113,0.00164472982789331,0.000738969315635197,81.58550804924185
LIH,9.0435373977402e-06,0.00039060951352925724,0.00038156597613151703,4219.211568991385
LIT,0.0032757702129592283,0.002511241672301521,-0.0007645285406577074,-23.3388940907139
LNK,0.0005920502483053919,0.00026661902904868024,-0.00032543121925671163,-54.96682421604989
LNY,0.0,9.003130720245719e-06,9.003130720245719e-06,0.0
LRD,0.0,0.0003539651920012396,0.0003539651920012396,0.0
LSE,0.000205991685170749,0.0002497184152404997,4.37267300697507e-05,21.227424802853125
LWB,0.0,3.032633505766979e-05,3.032633505766979e-05,0.0
LYH,0.0,0.0001642676482290447,0.0001642676482290447,0.0
MAF,0.0011959575789767098,0.0012823933038188596,8.643572484214978e-05,7.227323641036356
MBS,0.0006722362798986883,0.0005973656207713914,-7.48706591272969e-05,-11.137551091199741
MCI,0.01082270265512229,0.009261062517897671,-0.0015616401372246184,-14.429299103819579
MCN,0.0,0.00026203848885767805,0.00026203848885767805,0.0
MCO,0.016102118820425292,0.014506412835242235,-0.0015957059851830577,-9.909913117514256
MDT,0.001680490215997857,0.0012850784480687575,-0.00039541176792909946,-23.529548947377133
MDW,0.006586106835527597,0.013232706762820103,0.006646599927292505,100.91849545225395
MEI,0.0,0.00023392344906463,0.00023392344906463,0.0
MEM,0.009893428945630053,0.007744113966367146,-0.0021493149792629063,-21.724671911776987
MFE,0.0006111421605895101,0.00047511258257016005,-0.00013602957801935002,-22.25825459139251
MFR,0.0002899960992208691,0.0006556490459603506,0.00036565294673948146,126.08891903093841
MGM,0.0004975955243734386,0.0005599315509345802,6.23360265611416e-05,12.527449204780078
MHT,0.0007767393787170195,0.002960292560681496,0.0021835531819644764,281.1178680770845
MIA,0.014486340138695708,0.009534315432740217,-0.004952024705955491,-34.184097974668646
MKE,0.0039033917083623982,0.003215065365098274,-0.0006883263432641241,-17.634057627101427
MKK,0.0,9.003130720245719e-06,9.003130720245719e-06,0.0
MLB,0.0008633563702375979,0.0003645478193390723,-0.0004988085508985256,-57.77551056480329
MLI,0.0005104574442280024,0.00041035322124909437,-0.00010010422297890807,-19.610689218236814
MLU,0.0004907626294507016,0.0005425570881411236,5.179445869042199e-05,10.553871786935822
MOB,0.001451990171081621,0.0007628968662945056,-0.0006890933047871155,-47.45853784077573
MOD,0.0,0.00020501866096278847,0.00020501866096278847,0.0
MOT,0.0003185334838981826,0.00017200718165522085,-0.00014652630224296176,-46.000282434922305
MQT,0.0,4.564745224826338e-05,4.564745224826338e-05,0.0
MRY,0.00027331579690948165,0.0011490837892945195,0.0008757679923850378,320.42348166033
MSN,0.0010824109427606382,0.0011579289703530064,7.551802759236817e-05,6.976835193458318
MSO,0.0004909635969484291,0.0005074922632306929,1.6528666282263765e-05,3.3665767452001005
MSP,0.023718987951797544,0.022483976401688734,-0.0012350115501088103,-5.206847579747664
MSY,0.008322666983391442,0.00813867222144037,-0.0001839947619510715,-2.2107668409447117
MTJ,2.0096749772756e-06,0.0003376963768400938,0.0003356867018628182,16703.53194713551
MYR,0.0004578039598233817,0.0008616154048936912,0.0004038114450703095,88.20619315440123
OAJ,0.00019574234278664347,0.0,-0.00019574234278664347,-100.0
OAK,0.007895209115724923,0.010497650419806508,0.002602441304081585,32.96228467081754
OGG,0.0005317599989871238,0.0009766027586540224,0.0004448427596668986,83.65479925421583
OKC,0.00482824413290463,0.0036805430183011537,-0.0011477011146034761,-23.770569238242498
OMA,0.003197794823840935,0.003155676292277004,-4.211853156393117e-05,-1.3171117561989722
OME,0.000189110415361634,0.000158897359729249,-3.0213055632384974e-05,-15.976410170010386
ONT,0.007268994392805846,0.005503440064658274,-0.0017655543281475724,-24.288838768330166
ORD,0.056058275751121045,0.055847999354301785,-0.0002102763968192603,-0.37510321893026694
ORF,0.003707046463082572,0.0034330358983252754,-0.0002740105647572968,-7.391613983965148
ORH,0.00011756598617062261,0.0,-0.00011756598617062261,-100.0
OTZ,0.00018991428535254423,0.00015747581277342074,-3.243847257912349e-05,-17.0805858647794
OXR,0.0,0.0002683564753280259,0.0002683564753280259,0.0
PBI,0.004950633339020714,0.0039045156386749856,-0.001046117700345728,-21.130987263796452
PDX,0.007164491293987514,0.008641583944480061,0.0014770926504925471,20.616853170470492
PFN,0.00024658711971171617,0.0004972255352163776,0.00025063841550466146,101.64294704349588
PHF,0.00021804973503440262,0.0006682850189010463,0.00045023528386664373,206.4828392456465
PHL,0.018840702911958752,0.016559600488443533,-0.0022811024235152196,-12.107310614548974
PHX,0.026771885209776906,0.026440141579758814,-0.0003317436300180922,-1.2391493068890858
PIA,0.0002849719117776801,0.0005638802924785477,0.00027890838070086755,97.87223553402589
PIE,0.0,0.0003836597284118746,0.0003836597284118746,0.0
PIH,0.0,0.0002800447502981695,0.0002800447502981695,0.0
PIT,0.02418704125400503,0.010082558708704652,-0.01410448254530038,-58.31421213194018
PNS,0.0012992548728086755,0.001054945790886336,-0.0002443090819223394,-18.803784156237345
PSC,0.00021282458009348607,0.0004907495990842711,0.000277925018990785,130.58877826457012
PSE,4.5418654486428565e-05,0.0,-4.5418654486428565e-05,-100.0
PSG,0.00012580565357745257,0.00010203548149611814,-2.3770172081334423e-05,-18.894359200399734
PSP,0.0006207886004804329,0.001918772491044649,0.001297983890564216,209.0862959725254
PVD,0.0026272480977923922,0.004305075980895041,0.0016778278831026485,63.86255963083515
PWM,0.0012666981381768108,0.0014679841563853284,0.00020128601820851755,15.890606620629708
RAP,0.0005182951766393773,0.0006351155899317199,0.00011682041329234263,22.539359530568174
RDD,0.0,0.00034575180958978734,0.00034575180958978734,0.0
RDM,0.0,0.00039961264424950296,0.00039961264424950296,0.0
RDU,0.010915951574067878,0.007832565776952016,-0.003083385797115862,-28.246605677885256
RIC,0.003121025239709007,0.0023968861171882244,-0.0007241391225207825,-23.201963037899002
RNO,0.0036909690632643674,0.004315500658571115,0.0006245315953067477,16.920531833295815
ROA,0.0005657235061030815,0.000713774521487551,0.00014805101538446948,26.17020749310933
ROC,0.003691973900753005,0.002378248057100698,-0.0013137258436523068,-35.58329172869729
ROR,2.632674220231036e-05,0.0,-2.632674220231036e-05,-100.0
RST,0.0006559579125827559,0.00029078532729776084,-0.00036517258528499504,-55.67012429915993
RSW,0.0036071656167119747,0.0029557120204904935,-0.0006514535962214812,-18.059985746240788
SAN,0.012022478616555823,0.012852995775952196,0.0008305171593963722,6.908036070471275
SAT,0.007078276237462391,0.006044101756858293,-0.0010341744806040987,-14.610541407392954
SAV,0.001404561841617917,0.0013635794299628296,-4.098241165508736e-05,-2.9178075639503103
SBA,0.0005052322892870859,0.0016992224612000604,0.0011939901719129745,236.32499292508967
SBN,0.0006366650328009101,0.00046042326402660126,-0.00017624176877430886,-27.682024250485416
SBP,0.0,0.0008699867369669021,0.0008699867369669021,0.0
SCC,0.00010651277379560681,5.923112315951131e-05,-4.72816506360955e-05,-44.39059180528604
SCE,0.0,0.00022033977815338207,0.00022033977815338207,0.0
SDF,0.0035364250575118735,0.003213959717465963,-0.00032246534004591034,-9.11839880109852
SEA,0.014042201968717801,0.01624986120173473,0.0022076592330169294,15.721602907684936
SFO,0.02336749579827204,0.019018402873041167,-0.004349092925230873,-18.611720155107406
SGF,0.00034666893358004103,0.0006387484321521699,0.0002920794985721289,84.25315056524724
SGU,0.0,0.0004820623676875427,0.0004820623676875427,0.0
SHV,0.0010092587735878065,0.0012593326532020898,0.0002500738796142833,24.777974307352068
SIT,0.00020036459523437735,0.00019854272483068192,-1.82187040369543e-06,-0.9092776104302704
SJC,0.006890170659589395,0.009747863375437975,0.0028576927158485794,41.474919229633095
SJT,0.0,0.000366759114603694,0.000366759114603694,0.0
SJU,0.004143949803142288,0.0037508306177837735,-0.0003931191853585145,-9.486581740454934
SLC,0.013444122695480582,0.019530159777139344,0.006086037081658762,45.26912777807854
SMF,0.005910856043162996,0.0072928517827225495,0.0013819957395595538,23.380636061304333
SMX,0.0,0.0003275875984875372,0.0003275875984875372,0.0
SNA,0.006073036813829136,0.007220194938313549,0.001147158124484413,18.889365562088752
SPI,6.611830675236725e-05,0.0,-6.611830675236725e-05,-100.0
SPN,0.00017182721055706383,0.0,-0.00017182721055706383,-100.0
SPS,0.0,0.00031621522284091104,0.00031621522284091104,0.0
SRQ,0.0019481789229709669,0.0006529639017104527,-0.0012952150212605141,-66.48337100810615
STL,0.02623228747837841,0.01565012633603696,-0.01058216114234145,-40.34021490144025
STT,0.0006561588800804834,0.0004815885187022666,-0.00017457036137821682,-26.60489199762172
STX,0.00041298820783013584,9.761289096687463e-05,-0.0003153753168632612,-76.36424258219418
SUN,0.0,0.0004680048477910187,0.0004680048477910187,0.0
SUX,0.00011394857121152653,0.0,-0.00011394857121152653,-100.0
SWF,0.0007932187135306794,0.0002689882739750607,-0.0005242304395556187,-66.08901562876996
SYR,0.0033410846497206855,0.001963156345998843,-0.0013779283037218424,-41.24194530171623
TLH,0.0012480081608881477,0.0005785696110221065,-0.0006694385498660412,-53.64055867949084
TOL,0.0004815181245552338,0.0006692327168715985,0.0001877145923163647,38.98391000125944
TPA,0.010976040855888419,0.010382978965369695,-0.0005930618905187236,-5.403240551902266
TRI,0.0006063189406440486,0.0004481031904094229,-0.00015821575023462563,-26.094475964508803
TUL,0.004842512825243286,0.0033695401342982794,-0.0014729726909450068,-30.417527926134202
TUS,0.0031736787241136277,0.0028541503879796516,-0.00031952833613397603,-10.068074430666156
TVC,0.0001336433859888274,0.000337064578193059,0.0002034211922042316,152.21194127873835
TWF,0.0,0.0003040530988854914,0.0003040530988854914,0.0
TXK,0.0,0.0002723052168719933,0.0002723052168719933,0.0
TYR,0.0,0.00046563560286463825,0.00046563560286463825,0.0
TYS,0.001727516610466106,0.001628145113408647,-9.9371497057459e-05,-5.752274476286934
VCT,0.0,0.00013694235674479015,0.00013694235674479015,0.0
VIS,0.0,0.000129202823318614,0.000129202823318614,0.0
VLD,0.0,0.00022523621766790168,0.00022523621766790168,0.0
VPS,0.00021543715756394433,0.0008335003651006431,0.0006180632075366988,286.8879326692984
WRG,6.712314424100505e-05,0.00010440472642249861,3.728158218149356e-05,55.542067647538055
WYS,0.0,5.0701841424541683e-05,5.0701841424541683e-05,0.0
XNA,0.0,0.0015758637753665182,0.0015758637753665182,0.0
YAK,0.00013585402846383058,0.00010630012236360297,-2.955390610022761e-05,-21.754162489260274
YUM,0.0,0.00021070484878610158,0.00021070484878610158,0.0
